{"g4": {"(pick-food person1 g4 food1)": 0.9513312092640549, "(move-south0 person1 g4 g3)": -1.2151875452621612}, "g3": {"(move-south1 person1 g3 g2 g4)": -1.2335417169579568, "(move-north0 person1 g3 g4)": -1.2197531572425806, "(move-south0 person1 g3 g2)": -1.2386146191584229, "(move-north1 person1 g3 g4 g2)": -1.2828575545165712}, "g2": {"(move-south1 person1 g2 g1 g3)": -1.1737500516298416, "(move-south0 person1 g2 g1)": -1.1875000573664904, "(move-north1 person1 g2 g3 g1)": -1.2595717990649142, "(move-north0 person1 g2 g3)": -1.3087306161295236}, "g1": {"(move-south0 person1 g1 g0)": 0, "(move-south1 person1 g1 g0 g2)": 0, "(move-north0 person1 g1 g2)": -1.337478462366137, "(move-north1 person1 g1 g2 g0)": -1.4049116819335024}, "g0": {"(move-south1 person1 g0 c3 g1)": 0, "(move-north1 person1 g0 g1 c3)": -1.3694205137401523, "(move-south0 person1 g0 c3)": -1.4881625702882741, "(move-north0 person1 g0 g1)": -1.444346313259447}, "epsilon": 0.1, "c3": {"(move-west1 person1 c3 c2 g0)": -1.5894704319924045, "(move-north2 person1 c3 g0 c2)": 0, "(move-west2 person1 c3 c2 g0)": 0, "(move-north0 person1 c3 g0)": 0, "(move-north1 person1 c3 g0 d0)": -1.5368473003203045, "(move-south1 person1 c3 d0 g0)": -1.3314701501604975, "(move-south2 person1 c3 d0 c2)": -1.5266721708420075, "(move-west0 person1 c3 c2)": -1.579635745380008, "(move-south0 person1 c3 d0)": -1.6494115911026714}, "c1": {"(move-west3 person1 c1 c0 c2)": -1.6636271997535879, "(move-east0 person1 c1 c2)": -1.7900143100032977, "(move-west0 person1 c1 c0)": -1.7613296422423137}, "gamma": 0.6, "alpha": 0.1, "c00": {"(move-east0 person1 c00 c0)": -1.7987695845493492}, "c2": {"(move-east0 person1 c2 c3)": -1.638484161533342, "(move-west3 person1 c2 c1 c3)": -1.7314972108160203, "(move-west0 person1 c2 c1)": -1.8072191231289112}, "d4": {}, "c0": {"(move-east0 person1 c0 c1)": -1.8523960317988348, "(move-west0 person1 c0 c00)": -1.8253560444956465, "(move-west3 person1 c0 c00 c1)": -1.8782007167607289}, "d2": {}, "d3": {}, "d0": {"(move-north1 person1 d0 c3 d1)": -1.590941444800338, "(move-south1 person1 d0 d1 c3)": -1.3923044049950337, "(move-north0 person1 d0 c3)": -1.479004953757807, "(move-south0 person1 d0 d1)": -1.4361044583820264}, "d1": {"(move-north1 person1 d1 d0 d2)": -1.3440445813004638, "(move-south0 person1 d1 d2)": -1.4333854688635506, "(move-north0 person1 d1 d0)": -1.560196409025524, "(move-south1 person1 d1 d2 d0)": -1.3974940125438238}}